<?xml version="1.0" encoding="UTF-8"?>
<launch4jConfig>
  <dontWrapJar>false</dontWrapJar>
  <headerType>gui</headerType>
  <jar>C:\Users\SHERAZ AHMAD\Desktop\Project Extractor\ProjectExtractor.jar</jar>
  <outfile>C:\Users\SHERAZ AHMAD\Desktop\Project Extractor\Project Extractor.exe</outfile>
  <errTitle></errTitle>
  <cmdLine></cmdLine>
  <chdir>.</chdir>
  <priority>normal</priority>
  <downloadUrl>http://java.com/download</downloadUrl>
  <supportUrl></supportUrl>
  <stayAlive>false</stayAlive>
  <restartOnCrash>false</restartOnCrash>
  <manifest></manifest>
  <icon>C:\Users\SHERAZ AHMAD\Desktop\Project Extractor\execution.ico</icon>
  <jre>
    <path>jre</path>
    <bundledJre64Bit>false</bundledJre64Bit>
    <bundledJreAsFallback>true</bundledJreAsFallback>
    <minVersion></minVersion>
    <maxVersion></maxVersion>
    <jdkPreference>preferJre</jdkPreference>
    <runtimeBits>64/32</runtimeBits>
  </jre>
</launch4jConfig>